"","3Fr","Alk","Col","Dia","Geb","Hag","Hus","Mul","Odi","Sel","Wis","Sav","total","mean","hosp","hosp"
"2013-01-01",59,47,208,88,45,131,126,0,84,111,32,0,931,77.5833333333333,194,222
"2013-01-02",38,48,197,89,42,112,125,0,69,80,49,0,849,70.75,265,204
"2013-01-03",39,36,160,73,42,83,121,0,55,78,35,0,722,60.1666666666667,264,184
"2013-01-04",42,45,170,93,30,92,121,0,67,65,24,0,749,62.4166666666667,237,194
"2013-01-05",46,38,150,87,44,100,102,0,70,85,38,0,760,63.3333333333333,184,167
"2013-01-06",38,50,167,77,43,90,93,0,79,68,36,0,741,61.75,242,143
"2013-01-07",37,33,171,79,34,84,119,180,57,84,31,0,909,75.75,231,195
"2013-01-08",42,40,168,69,44,82,113,0,69,84,23,0,734,61.1666666666667,228,199
"2013-01-09",36,31,185,85,43,91,96,0,61,56,30,0,714,59.5,225,182
"2013-01-10",44,39,184,66,45,81,77,0,64,75,37,0,712,59.3333333333333,222,147
"2013-01-11",32,33,168,70,24,67,128,0,56,71,26,0,675,56.25,199,169
"2013-01-12",34,34,163,75,33,95,116,0,72,64,31,0,717,59.75,162,177
"2013-01-13",53,51,149,71,41,97,76,0,67,75,29,0,709,59.0833333333333,215,148
"2013-01-14",37,53,173,86,39,103,123,168,63,64,35,0,944,78.6666666666667,220,240
"2013-01-15",36,39,151,81,48,93,113,157,49,89,33,0,889,74.0833333333333,253,225
"2013-01-16",50,34,160,68,29,98,117,149,57,63,26,0,851,70.9166666666667,244,188
"2013-01-17",41,31,187,66,38,78,103,153,54,71,22,0,844,70.3333333333333,238,198
"2013-01-18",43,38,184,73,33,93,105,81,71,78,25,0,824,68.6666666666667,228,198
"2013-01-19",47,30,159,82,37,103,69,178,58,88,26,0,877,73.0833333333333,182,187
"2013-01-20",37,42,168,66,45,134,122,174,91,93,41,0,1013,84.4166666666667,217,200
"2013-01-21",43,45,180,88,53,127,108,175,81,86,56,0,1042,86.8333333333333,225,241
"2013-01-22",54,37,197,73,41,95,126,180,67,63,34,0,967,80.5833333333333,224,217
"2013-01-23",45,49,172,80,37,79,121,171,71,70,30,0,925,77.0833333333333,216,225
"2013-01-24",53,49,206,88,46,91,100,192,79,82,31,0,1017,84.75,229,206
"2013-01-25",48,34,188,76,45,81,120,160,60,77,24,0,913,76.0833333333333,189,202
"2013-01-26",49,40,185,93,31,118,130,167,80,87,30,0,1010,84.1666666666667,192,208
"2013-01-27",37,38,198,80,34,93,104,199,86,98,44,0,1011,84.25,227,190
"2013-01-28",43,50,209,76,53,104,125,194,70,102,27,0,1053,87.75,218,217
"2013-01-29",38,47,188,77,31,94,98,172,67,73,31,0,916,76.3333333333333,227,184
"2013-01-30",42,36,170,93,34,95,102,161,60,78,16,0,887,73.9166666666667,204,179
"2013-01-31",50,32,171,77,32,109,109,177,72,86,38,0,953,79.4166666666667,232,199
"2013-02-01",57,57,198,90,30,82,92,172,60,84,31,0,953,79.4166666666667,220,204
"2013-02-02",57,47,212,88,35,116,98,197,63,82,39,0,1034,86.1666666666667,191,192
"2013-02-03",53,45,186,80,43,102,102,197,87,99,33,0,1027,85.5833333333333,255,172
"2013-02-04",44,47,184,86,43,112,104,190,75,84,41,0,1010,84.1666666666667,235,218
"2013-02-05",48,31,188,79,40,94,132,149,70,79,42,0,952,79.3333333333333,193,214
"2013-02-06",48,42,173,84,28,71,120,166,63,68,27,0,890,74.1666666666667,271,191
"2013-02-07",46,32,195,76,45,83,97,186,60,68,39,0,927,77.25,223,191
"2013-02-08",48,40,178,77,49,97,112,176,74,79,27,0,957,79.75,225,213
"2013-02-09",52,46,204,86,40,103,87,85,85,79,26,0,893,74.4166666666667,213,225
"2013-02-10",45,53,207,88,50,92,102,173,80,89,37,0,1016,84.6666666666667,269,185
"2013-02-11",54,42,202,74,44,96,108,181,72,92,47,0,1012,84.3333333333333,228,239
"2013-02-12",39,34,165,64,33,87,87,144,60,61,32,0,806,67.1666666666667,273,145
"2013-02-13",42,32,193,74,35,84,95,148,65,78,28,0,874,72.8333333333333,294,197
"2013-02-14",39,34,174,90,42,105,110,132,63,79,38,0,906,75.5,262,203
"2013-02-15",43,37,191,82,33,96,110,152,62,86,29,0,921,76.75,244,219
"2013-02-16",41,45,194,78,41,107,136,176,76,69,42,0,1005,83.75,183,192
"2013-02-17",40,44,213,74,36,109,92,182,94,92,30,0,1006,83.8333333333333,274,166
"2013-02-18",37,50,213,83,46,95,120,176,60,89,34,0,1003,83.5833333333333,266,225
"2013-02-19",38,33,194,74,34,92,118,173,59,75,27,0,917,76.4166666666667,253,216
"2013-02-20",40,36,202,81,28,74,106,145,59,73,32,0,876,73,241,189
"2013-02-21",46,30,191,79,39,98,111,167,73,54,26,0,914,76.1666666666667,254,224
"2013-02-22",35,32,190,80,32,104,102,163,60,66,31,0,895,74.5833333333333,229,218
"2013-02-23",56,35,140,87,40,96,105,195,61,91,39,0,945,78.75,220,194
"2013-02-24",46,42,155,69,38,99,103,184,60,70,35,0,901,75.0833333333333,312,187
"2013-02-25",37,40,195,79,36,123,118,181,73,78,32,0,992,82.6666666666667,227,259
"2013-02-26",39,33,157,64,32,90,105,125,57,69,27,0,798,66.5,218,188
"2013-02-27",40,27,146,67,36,76,107,137,54,67,29,0,786,65.5,225,186
"2013-02-28",45,45,174,72,42,73,114,154,64,81,35,0,899,74.9166666666667,261,198
"2013-03-01",43,36,165,76,41,88,130,141,60,71,36,0,887,73.9166666666667,235,213
"2013-03-02",39,49,183,68,40,100,103,177,64,78,30,0,931,77.5833333333333,199,181
"2013-03-03",48,47,192,76,45,109,114,179,76,88,38,0,1012,84.3333333333333,268,206
"2013-03-04",51,36,190,67,47,101,105,171,72,94,32,0,966,80.5,240,200
"2013-03-05",40,37,160,83,38,104,103,175,71,72,32,0,915,76.25,185,209
"2013-03-06",41,43,168,77,33,90,110,171,70,64,30,0,897,74.75,187,174
"2013-03-07",37,42,199,88,36,102,130,158,80,91,31,0,994,82.8333333333333,217,221
"2013-03-08",49,42,186,81,37,92,141,158,68,89,23,0,966,80.5,227,207
"2013-03-09",49,43,164,94,41,106,105,161,80,92,29,0,964,80.3333333333333,216,170
"2013-03-10",38,43,187,81,31,102,107,194,84,103,40,0,1010,84.1666666666667,288,165
"2013-03-11",44,61,193,104,49,95,111,166,72,102,32,0,1029,85.75,230,223
"2013-03-12",31,37,152,64,36,96,102,153,64,73,39,0,847,70.5833333333333,241,183
"2013-03-13",36,41,151,83,47,88,103,146,63,75,44,0,877,73.0833333333333,229,188
"2013-03-14",45,39,166,93,41,72,118,156,41,92,27,0,890,74.1666666666667,239,228
"2013-03-15",37,48,189,68,40,92,107,172,75,96,29,0,953,79.4166666666667,228,205
"2013-03-16",38,48,156,90,41,111,79,177,75,70,47,0,932,77.6666666666667,201,178
"2013-03-17",46,52,162,78,41,105,91,168,82,91,34,0,950,79.1666666666667,220,144
"2013-03-18",51,52,184,88,45,114,125,167,80,96,43,0,1045,87.0833333333333,210,236
"2013-03-19",41,40,159,69,39,81,116,0,64,82,28,0,719,59.9166666666667,203,182
"2013-03-20",42,43,143,73,42,112,112,143,63,57,26,0,856,71.3333333333333,241,198
"2013-03-21",36,45,200,64,48,93,108,144,57,69,46,0,910,75.8333333333333,262,192
"2013-03-22",35,46,218,70,36,82,120,170,63,92,34,0,966,80.5,205,207
"2013-03-23",54,53,179,79,40,83,102,0,87,83,30,0,790,65.8333333333333,211,148
"2013-03-24",45,46,172,73,37,104,76,0,88,103,30,0,774,64.5,264,123
"2013-03-25",42,30,209,86,44,112,141,0,79,101,43,0,887,73.9166666666667,226,217
"2013-03-26",39,41,167,88,34,82,103,0,76,85,21,0,736,61.3333333333333,254,193
"2013-03-27",39,35,154,86,36,74,114,0,70,64,25,0,697,58.0833333333333,229,177
"2013-03-28",51,60,193,70,40,94,118,162,66,82,28,0,964,80.3333333333333,252,224
"2013-03-29",31,42,168,83,30,91,107,99,98,100,41,0,890,74.1666666666667,214,174
"2013-03-30",57,61,214,80,50,115,118,192,88,95,41,0,1111,92.5833333333333,209,213
"2013-03-31",43,37,161,86,34,89,104,182,82,84,45,0,947,78.9166666666667,256,193
"2013-04-01",45,4,199,89,36,90,74,205,85,101,48,0,976,81.3333333333333,237,185
"2013-04-02",49,42,211,92,59,102,128,68,75,102,38,0,966,80.5,236,255
"2013-04-03",30,48,189,80,39,90,105,173,65,54,22,0,895,74.5833333333333,234,227
"2013-04-04",48,22,191,80,37,93,88,156,61,78,31,0,885,73.75,265,220
"2013-04-05",38,36,199,99,46,94,118,197,68,90,42,0,1027,85.5833333333333,229,253
"2013-04-06",40,32,153,81,42,94,105,200,73,92,36,0,948,79,207,177
"2013-04-07",53,14,198,91,43,120,87,163,86,106,40,0,1001,83.4166666666667,255,198
"2013-04-08",36,45,195,91,52,120,114,172,79,97,39,0,1040,86.6666666666667,219,248
"2013-04-09",39,30,194,79,47,99,101,170,49,75,34,0,917,76.4166666666667,211,215
"2013-04-10",51,38,194,75,31,91,110,87,78,78,32,0,865,72.0833333333333,225,220
"2013-04-11",43,35,203,75,50,93,119,161,79,6,22,0,886,73.8333333333333,267,214
"2013-04-12",42,36,185,61,33,99,120,150,72,80,35,0,913,76.0833333333333,247,257
"2013-04-13",41,28,193,96,47,113,111,205,84,94,27,0,1039,86.5833333333333,227,175
"2013-04-14",44,2,207,67,48,126,105,174,74,85,40,0,972,81,268,210
"2013-04-15",46,49,202,87,39,106,113,168,70,99,43,0,1022,85.1666666666667,234,235
"2013-04-16",45,34,187,78,42,87,97,152,67,92,42,0,923,76.9166666666667,267,242
"2013-04-17",37,20,189,77,42,104,119,173,73,82,40,0,956,79.6666666666667,230,242
"2013-04-18",44,48,170,102,55,97,114,172,66,81,32,0,981,81.75,206,201
"2013-04-19",53,34,186,83,43,87,111,178,67,77,18,0,937,78.0833333333333,211,219
"2013-04-20",36,31,173,83,43,91,99,171,71,79,33,0,910,75.8333333333333,222,209
"2013-04-21",53,8,195,75,36,108,130,154,70,77,32,0,938,78.1666666666667,200,193
"2013-04-22",40,32,190,90,43,115,120,151,66,86,47,0,980,81.6666666666667,256,234
"2013-04-23",34,36,179,77,38,93,119,170,64,89,28,0,927,77.25,194,234
"2013-04-24",52,27,182,79,45,102,99,165,66,81,23,0,921,76.75,265,186
"2013-04-25",39,49,165,74,43,91,121,174,69,70,31,0,926,77.1666666666667,264,200
"2013-04-26",48,44,177,76,39,98,127,147,79,65,28,0,928,77.3333333333333,237,225
"2013-04-27",44,14,172,92,34,106,80,150,71,70,35,0,868,72.3333333333333,184,165
"2013-04-28",52,26,191,79,49,112,109,171,77,81,41,0,988,82.3333333333333,242,175
"2013-04-29",46,20,206,100,39,94,109,179,73,89,37,0,992,82.6666666666667,231,216
"2013-04-30",38,7,182,81,42,84,119,158,84,70,36,0,901,75.0833333333333,228,193
"2013-05-01",49,8,155,70,40,102,103,132,74,85,29,0,847,70.5833333333333,225,164
"2013-05-02",43,41,180,85,52,104,120,123,72,89,32,0,941,78.4166666666667,222,229
"2013-05-03",36,29,176,64,43,85,116,141,71,82,27,0,870,72.5,199,196
"2013-05-04",47,11,184,92,42,104,87,151,74,93,34,0,919,76.5833333333333,162,176
"2013-05-05",52,10,190,89,50,91,102,185,93,99,31,0,992,82.6666666666667,215,177
"2013-05-06",50,46,209,97,40,99,138,174,73,98,36,0,1060,88.3333333333333,220,231
"2013-05-07",26,28,178,80,40,78,132,192,59,105,35,0,953,79.4166666666667,253,200
"2013-05-08",67,1,188,83,0,126,71,22,87,90,37,0,772,64.3333333333333,244,137
"2013-05-09",56,6,223,81,0,88,84,188,114,90,45,0,975,81.25,238,175
"2013-05-10",41,40,218,101,0,91,113,204,91,101,37,0,1037,86.4166666666667,228,207
"2013-05-11",59,12,202,102,0,118,101,112,91,84,47,0,928,77.3333333333333,182,168
"2013-05-12",45,34,178,73,0,112,79,170,82,95,35,0,903,75.25,217,151
"2013-05-13",39,47,184,77,36,92,111,156,68,85,46,0,941,78.4166666666667,225,194
"2013-05-14",37,41,179,72,46,99,130,154,74,76,44,0,952,79.3333333333333,224,218
"2013-05-15",35,38,170,74,47,96,103,153,72,77,27,0,892,74.3333333333333,216,154
"2013-05-16",42,29,171,89,52,96,112,165,75,90,37,0,958,79.8333333333333,229,183
"2013-05-17",35,31,172,74,32,90,117,182,61,78,34,0,906,75.5,189,196
"2013-05-18",50,16,209,88,45,110,118,212,79,90,46,0,1063,88.5833333333333,192,234
"2013-05-19",49,0,224,76,61,89,93,178,82,122,34,0,1008,84,227,151
"2013-05-20",45,2,173,81,45,90,102,187,72,92,37,0,926,77.1666666666667,218,167
"2013-05-21",38,35,198,89,45,94,120,149,74,90,39,0,971,80.9166666666667,227,194
"2013-05-22",40,30,157,81,47,78,108,152,50,78,41,0,862,71.8333333333333,204,199
"2013-05-23",36,41,186,81,37,91,121,133,66,75,34,0,901,75.0833333333333,232,232
"2013-05-24",40,31,181,79,36,84,100,46,68,74,43,0,782,65.1666666666667,220,192
"2013-05-25",43,26,180,90,47,99,100,182,79,87,30,0,963,80.25,191,175
"2013-05-26",41,41,168,75,41,96,89,183,74,71,30,0,909,75.75,255,161
"2013-05-27",48,50,193,89,48,114,99,191,73,1,50,0,956,79.6666666666667,235,215
"2013-05-28",38,39,171,78,44,89,101,163,64,77,43,0,907,75.5833333333333,193,209
"2013-05-29",44,27,159,79,35,79,113,152,66,65,28,0,847,70.5833333333333,271,195
"2013-05-30",49,52,194,84,30,89,120,170,63,81,26,0,958,79.8333333333333,223,196
"2013-06-01",43,31,173,76,54,97,74,166,66,60,47,0,887,73.9166666666667,225,176
"2013-06-02",46,45,183,89,45,132,107,187,84,100,42,0,1060,88.3333333333333,213,191
"2013-06-03",49,35,215,91,49,113,113,186,78,89,43,0,1061,88.4166666666667,269,221
"2013-06-04",35,38,196,71,43,92,111,165,64,76,40,0,931,77.5833333333333,228,198
"2013-06-05",42,32,179,82,50,87,110,156,66,83,28,0,915,76.25,273,194
"2013-06-06",44,48,167,88,29,110,109,184,68,83,45,0,975,81.25,294,203
"2013-06-07",49,48,197,92,53,97,115,190,62,83,39,0,1025,85.4166666666667,262,239
"2013-06-08",60,42,218,82,54,103,118,203,89,106,42,0,1117,93.0833333333333,244,196
"2013-06-09",60,3,225,82,44,113,92,202,101,119,51,0,1092,91,183,177
"2013-06-10",58,46,235,101,50,105,100,180,78,83,32,0,1068,89,274,216
"2013-06-11",40,53,192,103,55,115,113,185,81,76,34,0,1047,87.25,266,225
"2013-06-12",41,47,177,90,48,90,107,218,86,87,46,0,1037,86.4166666666667,253,202
"2013-06-13",56,42,188,84,50,88,88,162,71,71,29,0,929,77.4166666666667,241,197
"2013-06-14",41,37,187,85,48,88,123,176,76,79,37,0,977,81.4166666666667,254,197
"2013-06-15",56,3,216,93,55,102,104,186,83,93,50,0,1041,86.75,229,186
"2013-06-16",69,39,217,96,70,107,99,184,86,98,49,0,1114,92.8333333333333,220,183
"2013-06-17",39,42,204,91,54,117,104,168,81,117,40,0,1057,88.0833333333333,312,267
"2013-06-18",45,24,169,85,53,115,99,161,77,80,32,0,940,78.3333333333333,227,177
"2013-06-19",40,53,187,81,52,93,99,183,76,90,32,0,986,82.1666666666667,218,196
"2013-06-20",51,29,185,86,51,100,84,182,72,93,35,0,968,80.6666666666667,225,191
"2013-06-21",44,36,202,92,50,113,111,171,79,97,39,0,1034,86.1666666666667,261,245
"2013-06-22",59,11,230,98,65,116,117,209,95,120,42,0,1162,96.8333333333333,235,207
"2013-06-23",39,5,200,88,65,102,90,197,100,114,46,0,1046,87.1666666666667,199,168
"2013-06-24",52,54,220,88,37,104,126,157,78,103,40,0,1059,88.25,268,219
"2013-06-25",49,45,185,99,44,75,118,190,52,90,31,0,978,81.5,240,201
"2013-06-26",53,20,146,68,40,76,89,181,64,82,34,0,853,71.0833333333333,185,165
"2013-06-27",46,30,159,88,45,77,79,153,75,73,34,0,859,71.5833333333333,187,172
"2013-06-28",43,43,169,78,47,88,81,142,67,79,26,0,863,71.9166666666667,217,198
"2013-06-29",63,36,183,92,28,92,93,180,59,97,39,0,962,80.1666666666667,227,188
"2013-06-30",54,9,158,78,53,126,79,215,88,94,41,0,995,82.9166666666667,216,175
"2013-07-01",51,42,211,89,43,96,117,161,67,87,40,0,1004,83.6666666666667,288,217
"2013-07-02",39,38,173,70,39,81,101,144,70,82,28,0,865,72.0833333333333,230,195
"2013-07-03",38,29,176,76,30,93,84,149,64,73,36,0,848,70.6666666666667,241,185
"2013-07-04",48,40,168,86,50,88,102,156,67,87,37,0,929,77.4166666666667,229,202
"2013-07-05",35,41,169,75,55,109,134,155,77,89,29,0,968,80.6666666666667,239,189
"2013-07-06",61,14,182,90,59,95,124,37,91,81,49,0,883,73.5833333333333,228,144
"2013-07-07",47,8,199,77,59,120,96,203,93,112,55,0,1069,89.0833333333333,201,180
"2013-07-08",53,50,200,82,52,106,135,195,78,101,44,0,1096,91.3333333333333,220,221
"2013-07-09",46,38,163,77,54,98,123,182,75,80,49,0,985,82.0833333333333,210,200
"2013-07-10",45,26,204,78,53,100,122,158,83,82,39,0,990,82.5,203,208
"2013-07-11",38,49,184,78,47,92,108,191,68,82,40,0,977,81.4166666666667,241,185
"2013-07-12",41,32,187,78,50,89,116,164,69,83,24,0,933,77.75,262,183
"2013-07-13",33,42,199,81,46,95,87,168,81,106,45,0,983,81.9166666666667,205,183
"2013-07-14",60,47,211,96,55,136,85,190,88,107,44,0,1119,93.25,211,166
"2013-07-15",45,50,200,98,51,122,98,178,84,97,46,0,1069,89.0833333333333,264,266
"2013-07-16",44,41,181,78,48,87,95,154,78,87,33,0,926,77.1666666666667,226,202
"2013-07-17",50,32,166,85,56,80,96,139,52,78,27,0,861,71.75,254,181
"2013-07-18",47,30,156,70,40,108,97,150,73,86,37,0,894,74.5,229,206
"2013-07-19",44,31,186,82,37,85,122,152,59,80,24,0,902,75.1666666666667,252,196
"2013-07-20",48,13,205,77,53,108,97,185,84,102,35,0,1007,83.9166666666667,214,180
"2013-07-21",49,6,187,81,63,104,101,7,80,10,44,0,732,61,209,157
"2013-07-22",43,47,191,87,61,99,101,141,80,96,43,0,989,82.4166666666667,256,201
"2013-07-23",53,23,167,99,51,96,96,160,64,84,31,49,973,81.0833333333333,237,198
"2013-07-24",55,41,190,85,46,83,96,104,73,85,38,72,968,80.6666666666667,236,177
"2013-07-25",37,31,177,91,45,88,74,177,59,75,40,76,970,80.8333333333333,234,207
"2013-07-26",46,38,180,78,36,91,112,167,79,79,42,81,1029,85.75,265,205
"2013-07-27",42,30,166,75,61,113,89,166,72,95,37,68,1014,84.5,229,183
"2013-07-28",50,40,220,82,51,123,68,174,82,112,51,73,1126,93.8333333333333,207,173
"2013-07-29",46,48,209,81,51,108,97,143,82,83,46,94,1088,90.6666666666667,255,222
"2013-07-30",50,28,162,73,41,105,115,171,64,75,27,77,988,82.3333333333333,219,214
"2013-07-31",44,31,176,88,54,84,86,165,77,74,39,0,918,76.5,211,181
"2013-08-01",46,40,175,79,41,89,113,154,56,98,27,72,990,82.5,225,192
"2013-08-02",29,29,156,69,38,85,101,153,59,89,29,99,936,78,267,204
"2013-08-03",66,27,158,94,40,106,81,169,79,103,49,68,1040,86.6666666666667,247,185
"2013-08-04",47,6,199,80,57,107,84,166,83,84,47,75,1035,86.25,227,171
"2013-08-05",44,15,207,100,54,104,114,172,72,96,36,93,1107,92.25,268,217
"2013-08-06",36,26,161,88,48,75,101,149,59,72,27,81,923,76.9166666666667,234,194
"2013-08-07",32,10,186,81,36,105,81,161,59,68,25,63,907,75.5833333333333,267,189
"2013-08-08",36,28,159,71,40,101,123,171,57,2,27,79,894,74.5,230,189
"2013-08-09",42,18,177,76,35,83,98,167,63,0,34,84,877,73.0833333333333,206,180
"2013-08-10",35,2,181,76,45,109,91,199,79,80,43,79,1019,84.9166666666667,211,206
"2013-08-11",48,0,157,96,42,111,84,193,65,88,41,74,999,83.25,222,158
"2013-08-12",51,10,187,90,50,79,91,103,81,82,33,79,936,78,200,176
"2013-08-13",45,35,180,78,42,94,99,158,54,67,28,65,945,78.75,256,210
"2013-08-14",37,22,164,73,46,97,112,169,65,80,41,76,982,81.8333333333333,194,209
"2013-08-15",50,6,188,72,50,80,83,145,73,84,27,66,924,77,265,156
"2013-08-16",55,12,202,96,45,110,110,209,82,97,31,85,1134,94.5,264,224
"2013-08-17",43,12,189,75,57,100,102,164,65,81,36,73,997,83.0833333333333,237,200
"2013-08-18",45,7,172,66,40,100,88,171,84,86,28,56,943,78.5833333333333,184,179
"2013-08-19",41,30,201,81,32,90,101,163,57,63,35,79,973,81.0833333333333,242,226
"2013-08-20",46,40,191,66,37,88,97,159,66,61,32,73,956,79.6666666666667,231,185
"2013-08-21",41,24,163,67,40,90,92,147,63,77,38,71,913,76.0833333333333,228,225
"2013-08-22",29,37,141,75,39,83,105,109,55,72,27,72,844,70.3333333333333,225,215
"2013-08-23",46,45,154,83,42,90,98,163,68,88,30,67,974,81.1666666666667,222,211
"2013-08-24",36,16,146,79,38,88,88,159,84,78,42,73,927,77.25,199,191
"2013-08-25",51,33,162,71,38,98,77,156,71,65,39,54,915,76.25,162,174
"2013-08-26",43,43,184,88,40,96,107,158,78,63,35,86,1021,85.0833333333333,215,230
"2013-08-27",35,27,149,80,46,91,90,132,61,70,23,60,864,72,220,213
"2013-08-28",38,35,173,88,35,91,69,133,38,73,40,63,876,73,253,195
"2013-08-29",37,35,175,77,33,88,87,144,58,72,40,65,911,75.9166666666667,244,201
"2013-08-30",42,41,164,72,28,90,109,169,50,79,27,67,938,78.1666666666667,238,231
"2013-08-31",54,26,172,74,47,109,98,157,73,74,35,74,993,82.75,228,208
"2013-09-01",44,4,181,86,47,99,66,150,84,88,36,80,965,80.4166666666667,182,194
"2013-09-02",37,38,177,94,45,100,110,165,74,77,38,91,1046,87.1666666666667,217,218
"2013-09-03",32,29,150,61,30,82,97,154,62,65,36,74,872,72.6666666666667,225,250
"2013-09-04",35,35,169,78,31,81,87,162,63,84,35,77,937,78.0833333333333,224,189
"2013-09-05",46,33,170,71,40,89,103,165,62,72,29,82,962,80.1666666666667,216,229
"2013-09-06",34,26,166,94,38,87,99,160,81,82,35,75,977,81.4166666666667,229,223
"2013-09-07",51,7,173,69,49,129,91,98,73,98,33,83,954,79.5,189,212
"2013-09-08",56,18,189,77,48,114,78,169,66,99,34,72,1020,85,192,198
"2013-09-09",37,36,178,72,46,93,100,163,67,86,47,93,1018,84.8333333333333,227,219
"2013-09-10",35,38,136,79,33,73,81,140,65,60,31,64,835,69.5833333333333,218,182
"2013-09-11",38,31,132,80,35,69,70,150,70,66,33,78,852,71,227,179
"2013-09-12",36,22,149,66,35,74,66,133,56,92,27,74,830,69.1666666666667,204,178
"2013-09-13",38,3,167,82,42,77,111,152,70,83,32,76,933,77.75,232,206
"2013-09-14",44,24,199,82,30,86,102,175,71,96,39,73,1021,85.0833333333333,220,195
"2013-09-15",41,16,174,86,47,96,75,162,79,103,37,69,985,82.0833333333333,191,185
"2013-09-16",41,34,165,91,53,102,109,166,72,82,36,80,1031,85.9166666666667,255,247
"2013-09-17",37,32,169,55,41,72,90,141,66,86,28,77,894,74.5,235,178
"2013-09-18",34,32,151,87,46,87,112,168,57,72,31,77,954,79.5,193,210
"2013-09-19",39,27,159,84,39,100,101,159,71,68,29,71,947,78.9166666666667,271,209
"2013-09-20",38,41,168,77,30,87,94,158,64,74,34,79,944,78.6666666666667,223,217
"2013-09-21",53,2,179,84,40,101,83,188,88,92,41,82,1033,86.0833333333333,225,193
"2013-09-22",51,19,197,96,52,97,75,184,96,86,41,94,1088,90.6666666666667,213,193
"2013-09-23",50,44,193,96,41,96,100,175,93,105,31,88,1112,92.6666666666667,269,240
"2013-09-24",32,31,193,85,38,82,111,165,56,82,40,69,984,82,228,212
"2013-09-25",36,42,188,72,37,95,94,162,73,81,29,66,975,81.25,273,203
"2013-09-26",57,25,186,74,38,74,83,186,90,84,34,67,998,83.1666666666667,294,226
"2013-09-27",42,23,168,81,46,94,114,188,71,84,32,83,1026,85.5,262,216
"2013-09-28",58,13,199,101,39,122,102,229,88,93,42,85,1171,97.5833333333333,244,206
"2013-09-29",46,14,0,78,55,106,86,173,97,87,47,97,886,73.8333333333333,183,145
"2013-09-30",43,35,0,106,53,101,105,195,76,75,38,113,940,78.3333333333333,274,175
"2013-10-01",13,11,155,75,43,99,104,158,56,74,26,95,909,75.75,266,223
"2013-10-02",37,14,185,75,45,107,88,162,63,73,33,80,962,80.1666666666667,253,189
"2013-10-03",35,9,190,90,50,109,88,159,64,88,29,70,981,81.75,241,214
"2013-10-04",31,40,176,77,46,91,99,186,76,76,26,80,1004,83.6666666666667,254,243
"2013-10-05",52,14,175,83,41,104,78,165,83,86,20,73,974,81.1666666666667,229,179
"2013-10-06",46,3,190,81,46,86,68,165,87,95,28,62,957,79.75,220,184
"2013-10-07",48,16,185,93,53,90,97,42,69,82,31,101,907,75.5833333333333,312,218
"2013-10-08",34,32,178,89,44,92,88,150,70,79,41,71,968,80.6666666666667,227,231
"2013-10-09",47,20,187,72,44,86,90,168,88,74,33,74,983,81.9166666666667,218,194
"2013-10-10",38,31,189,74,41,99,94,147,57,63,39,88,960,80,225,218
"2013-10-11",23,42,168,68,36,66,83,175,67,84,31,89,932,77.6666666666667,261,202
"2013-10-12",42,2,186,83,32,107,95,96,86,76,55,83,943,78.5833333333333,235,175
"2013-10-13",50,45,191,82,36,103,65,180,104,92,36,83,1067,88.9166666666667,199,165
"2013-10-14",47,37,172,79,49,90,96,172,67,71,26,89,995,82.9166666666667,268,222
"2013-10-15",38,14,172,68,31,83,84,153,65,86,26,70,890,74.1666666666667,240,210
"2013-10-16",38,22,189,75,61,76,89,166,48,68,46,65,943,78.5833333333333,185,233
"2013-10-17",46,30,171,86,36,78,104,174,72,72,24,83,976,81.3333333333333,187,221
"2013-10-18",34,12,152,82,39,79,79,177,69,79,36,88,926,77.1666666666667,217,206
"2013-10-19",49,9,177,87,43,100,96,202,71,87,44,73,1038,86.5,227,204
"2013-10-20",44,21,172,63,46,120,69,181,87,83,36,73,995,82.9166666666667,216,174
"2013-10-21",40,21,190,77,43,123,85,140,83,75,40,76,993,82.75,288,237
"2013-10-22",46,36,169,69,43,105,104,147,64,67,33,75,958,79.8333333333333,230,240
"2013-10-23",33,29,156,77,34,82,103,153,54,76,30,78,905,75.4166666666667,241,243
"2013-10-24",36,32,163,91,43,80,92,155,56,77,31,72,928,77.3333333333333,229,209
"2013-10-25",44,19,184,81,32,87,104,161,70,84,36,94,996,83,239,252
"2013-10-26",49,13,167,81,36,93,90,174,78,88,55,58,982,81.8333333333333,228,187
"2013-10-27",45,6,174,90,51,97,70,219,65,90,38,50,995,82.9166666666667,201,177
"2013-10-28",42,20,177,89,35,88,91,201,76,75,34,82,1010,84.1666666666667,220,241
"2013-10-29",34,36,153,87,37,112,112,159,68,80,34,86,998,83.1666666666667,210,245
"2013-10-30",43,31,182,79,42,74,92,158,53,63,26,84,927,77.25,203,201
"2013-10-31",33,14,146,77,34,71,85,144,66,82,39,65,856,71.3333333333333,241,178
"2013-11-01",45,1,152,77,32,83,59,166,63,84,27,61,850,70.8333333333333,262,141
"2013-11-02",44,21,177,85,58,112,96,200,84,95,32,76,1080,90,205,200
"2013-11-03",43,1,143,81,46,98,61,48,82,77,34,65,779,64.9166666666667,211,143
"2013-11-04",36,25,175,93,29,86,114,148,59,94,36,85,980,81.6666666666667,264,209
"2013-11-05",38,23,169,53,34,82,105,133,69,68,37,80,891,74.25,226,190
"2013-11-06",56,9,149,81,33,83,78,152,54,70,34,81,880,73.3333333333333,254,177
"2013-11-07",43,23,185,97,38,84,95,172,59,82,25,68,971,80.9166666666667,229,231
"2013-11-08",36,9,153,76,33,93,101,172,65,80,28,76,922,76.8333333333333,252,220
"2013-11-09",35,8,195,88,41,89,113,170,76,85,34,64,998,83.1666666666667,214,213
"2013-11-10",40,0,163,3,45,95,58,97,63,88,50,83,785,65.4166666666667,209,187
"2013-11-11",52,18,184,87,34,84,95,135,71,91,37,82,970,80.8333333333333,256,174
"2013-11-12",44,16,164,102,48,84,114,148,71,80,30,85,986,82.1666666666667,237,260
"2013-11-13",47,17,167,73,32,90,97,158,68,53,22,73,897,74.75,236,215
"2013-11-14",20,19,162,75,36,72,95,137,59,73,32,79,859,71.5833333333333,234,226
"2013-11-15",34,33,160,84,39,89,101,134,68,68,40,89,939,78.25,265,238
"2013-11-16",37,8,170,81,39,72,86,159,77,76,34,69,908,75.6666666666667,229,179
"2013-11-17",42,1,152,71,19,117,90,162,80,91,28,77,930,77.5,207,170
"2013-11-18",39,25,178,109,43,93,126,179,78,83,41,80,1074,89.5,255,259
"2013-11-19",38,26,164,96,40,98,111,148,67,62,34,72,956,79.6666666666667,219,220
"2013-11-20",46,32,138,76,42,75,92,149,60,84,30,61,885,73.75,211,181
"2013-11-21",43,18,182,77,30,71,83,142,55,75,37,78,891,74.25,225,226
"2013-11-22",32,17,149,74,30,96,99,166,84,75,25,84,931,77.5833333333333,267,195
"2013-11-23",36,3,162,86,42,83,103,160,86,80,39,72,952,79.3333333333333,247,194
"2013-11-24",45,3,160,71,45,100,81,165,67,87,31,76,931,77.5833333333333,227,187
"2013-11-25",47,19,199,87,46,87,116,170,77,82,40,77,1047,87.25,268,223
"2013-11-26",34,17,170,72,30,81,102,146,63,68,30,66,879,73.25,234,214
"2013-11-27",33,17,143,67,37,91,90,41,61,74,26,81,761,63.4166666666667,267,174
"2013-11-28",33,8,172,74,48,88,91,152,55,74,22,75,892,74.3333333333333,230,198
"2013-11-29",19,18,179,79,49,90,89,162,54,63,28,65,895,74.5833333333333,206,216
"2013-11-30",44,15,170,78,39,84,91,168,62,80,32,75,938,78.1666666666667,211,188
"2013-12-01",38,5,155,69,33,103,108,171,84,91,43,78,978,81.5,222,194
"2013-12-02",55,45,179,85,45,102,109,174,71,103,41,103,1112,92.6666666666667,200,241
"2013-12-03",40,25,132,68,35,68,92,151,62,75,19,69,836,69.6666666666667,256,199
"2013-12-04",37,35,173,67,37,65,94,157,69,74,32,70,910,75.8333333333333,194,221
"2013-12-05",44,14,175,72,45,83,116,176,71,73,39,91,999,83.25,265,244
"2013-12-06",33,18,152,63,38,71,99,162,67,79,31,68,881,73.4166666666667,264,213
"2013-12-07",38,11,186,93,44,84,101,189,86,83,41,66,1022,85.1666666666667,237,218
"2013-12-08",51,3,179,78,38,80,75,158,78,88,36,81,945,78.75,184,186
"2013-12-09",43,25,213,90,52,94,103,203,74,85,34,95,1111,92.5833333333333,242,222
"2013-12-10",29,33,181,76,48,74,88,154,62,58,34,89,926,77.1666666666667,231,192
"2013-12-11",51,39,150,83,39,69,112,147,76,72,41,79,958,79.8333333333333,228,214
"2013-12-12",34,49,214,67,41,85,99,148,64,63,24,90,978,81.5,225,209
"2013-12-13",39,41,176,85,32,72,107,170,43,68,27,77,937,78.0833333333333,222,215
"2013-12-14",56,22,0,88,36,82,91,178,63,79,23,67,785,65.4166666666667,199,171
"2013-12-15",50,1,0,88,36,82,84,188,73,4,29,81,716,59.6666666666667,162,142
"2013-12-16",37,44,190,84,46,87,93,181,79,79,33,95,1048,87.3333333333333,215,219
"2013-12-17",18,11,180,85,46,83,103,167,84,81,32,86,976,81.3333333333333,220,227
"2013-12-18",36,21,174,63,33,67,104,107,68,5,22,74,774,64.5,253,174
"2013-12-19",33,39,158,81,39,88,120,77,77,91,34,91,928,77.3333333333333,244,246
"2013-12-20",32,20,176,80,35,75,108,173,85,67,37,80,968,80.6666666666667,238,238
"2013-12-21",46,7,180,80,32,90,115,65,65,81,33,76,870,72.5,228,200
"2013-12-22",44,44,192,86,44,79,80,187,75,105,37,82,1055,87.9166666666667,182,194
"2013-12-23",37,12,211,82,37,88,124,200,73,79,38,85,1066,88.8333333333333,217,244
"2013-12-24",42,9,194,85,42,79,110,172,66,88,27,67,981,81.75,225,201
"2013-12-25",47,0,189,76,29,93,85,189,56,84,21,73,942,78.5,224,202
"2013-12-26",30,2,214,87,42,105,96,209,76,79,41,78,1059,88.25,216,207
"2013-12-27",46,45,214,92,46,78,115,212,83,95,37,119,1182,98.5,229,277
"2013-12-28",42,7,174,93,35,101,97,212,90,89,38,82,1060,88.3333333333333,189,213
"2013-12-29",44,1,198,91,26,76,80,197,69,87,39,62,970,80.8333333333333,192,183
"2013-12-30",34,16,194,86,34,83,109,186,75,95,31,88,1031,85.9166666666667,227,259
"2013-12-31",51,25,152,70,38,94,94,153,52,83,39,67,918,76.5,218,217
